Pollutant:,PM10,Unit: grams of PM10,Unnamed: 3,Unnamed: 4,Unnamed: 5,Unnamed: 6,Unnamed: 7,Unnamed: 8,Unnamed: 9,Unnamed: 10,Unnamed: 11,Unnamed: 12,Unnamed: 13,Unnamed: 14,Unnamed: 15,Unnamed: 16,Unnamed: 17,Unnamed: 18,Unnamed: 19,Unnamed: 20,Unnamed: 21,Unnamed: 22,Unnamed: 23,Unnamed: 24,Unnamed: 25,Unnamed: 26,Unnamed: 27,Unnamed: 28,Unnamed: 29,Unnamed: 30,Unnamed: 31,Unnamed: 32,Unnamed: 33,Unnamed: 34,Unnamed: 35,Unnamed: 36
,2015,2016,2017,2018,2019,2020.0,2021.0,2022.0,2023.0,2024.0,2025.0,2026.0,2027.0,2028.0,2029.0,2030.0,2031.0,2032.0,2033.0,2034.0,2035.0,2036.0,2037.0,2038.0,2039.0,2040.0,2041.0,2042.0,2043.0,2044.0,2045.0,2046.0,2047.0,2048.0,2049.0,2050.0
agriculture and forestry 01T03,0,0,0,0,0,22113608849.98161,23168978266.023155,23526654745.690697,23689517623.894947,23858608711.729416,24033778257.56031,24153806851.069542,24266620073.818157,24372411823.66991,24471444252.29234,24563920255.639103,24649960759.25964,24729579040.8232,24802747667.12886,24869394653.45757,24929491908.211617,24983103515.34826,25030358849.84279,25071375874.45896,25106301740.88627,25135273724.86186,25158369956.141827,25175695778.21752,25187451892.386517,25193872907.382683,25195148660.956043,25191399968.923252,25182671273.06971,25168983532.360893,25150313922.37368,25126661236.04722
coal mining 05,0,0,0,0,0,440373155024.259,470601893349.3724,472790946068.3112,499751507123.50287,453130233345.63184,453291759586.61694,456892231739.8699,445891557047.8949,446328722351.9579,444133087976.15845,437761407353.7982,436157259125.58246,430855155846.9338,427744789767.6892,414071686991.1176,403170295618.76294,395877053586.15424,388088255001.6788,389259126845.3349,386659710342.92993,382865812043.14374,381804889769.98157,381126576386.3835,375006730773.60034,372446951678.49347,365276561148.2113,362324857650.4456,358107571716.6216,355377941498.5751,353925462515.4231,356896039693.47205
oil and gas extraction 06,0,0,0,0,0,14668528974.634964,14989443919.294573,15458722186.757652,15701166433.544664,15915262871.796337,16091715410.859081,16097116939.24544,16083058083.183027,16313852349.029175,16420040100.949675,16454856218.521555,16555621172.137344,16663091713.151665,16761511546.997225,16707507763.884136,16663971184.345058,16651667492.520538,16698334151.462875,16782181309.103544,16880022062.399817,16984228489.097448,17031421738.403711,17102236090.641554,17225938405.137745,17342419906.14536,17426439851.98526,17516348202.61155,17617412356.750614,17687766525.835896,17749169648.086716,17882585692.127533
other mining and quarrying 07T08,0,0,0,0,0,0.0,0.0,0.0,0.0,0.0,0.0,0.0,0.0,0.0,0.0,0.0,0.0,0.0,0.0,0.0,0.0,0.0,0.0,0.0,0.0,0.0,0.0,0.0,0.0,0.0,0.0,0.0,0.0,0.0,0.0,0.0
food beverage and tobacco 10T12,0,0,0,0,0,22113608849.98161,23168978266.023155,23526654745.690697,23689517623.894947,23858608711.729416,24033778257.56031,24153806851.069542,24266620073.818157,24372411823.66991,24471444252.29234,24563920255.639103,24649960759.25964,24729579040.8232,24802747667.12886,24869394653.45757,24929491908.211617,24983103515.34826,25030358849.84279,25071375874.45896,25106301740.88627,25135273724.86186,25158369956.141827,25175695778.21752,25187451892.386517,25193872907.382683,25195148660.956043,25191399968.923252,25182671273.06971,25168983532.360893,25150313922.37368,25126661236.04722
textiles apparel and leather 13T15,0,0,0,0,0,0.0,0.0,0.0,0.0,0.0,0.0,0.0,0.0,0.0,0.0,0.0,0.0,0.0,0.0,0.0,0.0,0.0,0.0,0.0,0.0,0.0,0.0,0.0,0.0,0.0,0.0,0.0,0.0,0.0,0.0,0.0
wood products 16,0,0,0,0,0,0.0,0.0,0.0,0.0,0.0,0.0,0.0,0.0,0.0,0.0,0.0,0.0,0.0,0.0,0.0,0.0,0.0,0.0,0.0,0.0,0.0,0.0,0.0,0.0,0.0,0.0,0.0,0.0,0.0,0.0,0.0
pulp paper and printing 17T18,0,0,0,0,0,37843619195.52237,39319060421.03487,40299054779.50674,40062031198.09739,40195609939.932434,39979397152.853035,39590823529.634285,39216416264.825516,38894051068.76808,38563760843.603874,38206324529.11603,37825203281.9836,37499458891.38649,37117074410.846825,36711768135.38881,36382035214.09434,36053905988.880135,35712089025.674805,35400493455.07209,35135162340.685844,34816593632.235054,34506706768.41877,34261734992.204712,34020882723.71413,33622058735.06694,33322116335.751488,33174728720.951595,33029807808.89814,32947541306.416233,32530099409.611134,32374041544.357826
refined petroleum and coke 19,0,0,0,0,0,17324201583.115486,18582526711.910786,20003792400.683926,20933074406.48451,21955327507.67809,23003615168.703453,23330626920.06247,23252163134.07792,23526470908.43599,23477959773.907135,23403977870.396946,23166075036.81374,22940271347.228367,22927736880.788067,22630150811.6123,22488240982.688442,22344748483.508205,22110604932.39366,21951849711.141857,21959387662.90861,22031522530.30667,21888195700.396034,21821448609.13802,21822795112.56327,21691287198.843388,21944147852.54454,22087758435.140343,22115700143.65335,22016880186.776585,21767119663.343777,22318008758.41931
chemicals 20,0,0,0,0,0,29508637126.561764,30111395391.735928,29625334576.692783,29505556139.628773,30171256669.608128,30985308304.53651,31315220001.360962,31600844126.19188,31926965085.30891,32323919790.46315,32777076188.922283,33232173889.047867,33812501039.637733,34272970854.81704,34803745748.60795,35346036408.03133,35869099612.76229,36357771554.99059,36815043425.41348,37217943118.736084,37582335672.08845,38091347683.51104,38629418908.29737,39154696124.75973,39267530317.720985,39418426920.0117,40054942778.57383,40386127652.48418,40288479539.53365,40510896613.18795,41205092489.291565
rubber and plastic products 22,0,0,0,0,0,0.0,0.0,0.0,0.0,0.0,0.0,0.0,0.0,0.0,0.0,0.0,0.0,0.0,0.0,0.0,0.0,0.0,0.0,0.0,0.0,0.0,0.0,0.0,0.0,0.0,0.0,0.0,0.0,0.0,0.0,0.0
glass and glass products 231,0,0,0,0,0,0.0,0.0,0.0,0.0,0.0,0.0,0.0,0.0,0.0,0.0,0.0,0.0,0.0,0.0,0.0,0.0,0.0,0.0,0.0,0.0,0.0,0.0,0.0,0.0,0.0,0.0,0.0,0.0,0.0,0.0,0.0
cement and other nonmetallic minerals 239,0,0,0,0,0,11494611282.55609,11062781262.728804,11902482642.633883,12040347932.974588,12366881700.072111,12653206523.724094,12736407806.967535,12777032106.482431,12831584563.12603,12924348654.861906,13101589705.007929,13295093705.095514,13448808093.807995,13596084169.329681,13750191311.081797,13932528175.492565,14065813662.34564,14178825722.69603,14285534245.643332,14388846529.07786,14551749935.283077,14734905671.09294,14877165520.940657,14942746141.883997,15035983882.923954,15134430637.666927,15230694857.40316,15335850748.863392,15346078589.749277,15351536778.276798,15398797158.289389
iron and steel 241,0,0,0,0,0,30474774858.89891,31215260326.403263,35394271136.6924,34550874471.82,36814327568.27306,39636250502.149796,39452455645.02612,38980445704.79091,38452524950.15034,38046473023.69388,37761386365.06012,37330079182.15222,37052193459.2266,36607489426.21184,36301104740.85811,36161709927.856926,36042403026.74188,35849426104.61368,35604815500.46116,35138248263.26599,34694087380.85978,34674324846.33846,34876188436.296585,35135578561.93442,34920847931.45751,34685655581.37445,34922456084.249535,34924500394.813614,34194498216.420574,33670126182.190777,33863829560.18438
other metals 242,0,0,0,0,0,11660925031.785173,14256552129.764984,16057238812.324083,16033919442.887302,16223224568.943827,16544445453.182507,16771566494.256176,16962080438.28511,17129020988.387964,17283638918.26269,17426704294.545956,17544635058.26625,17609460149.528515,17676276660.33321,17745748411.3469,17793225939.271904,17742750513.820194,17694480242.566887,17757047270.980034,17735337377.732433,17634617970.086563,17720089705.88824,17888723351.117313,18020168123.912888,18059145306.43398,18214406630.220512,18407098195.669807,18595926365.617683,18679590249.51321,18728351079.63429,18966345343.60416
metal products except machinery and vehicles 25,0,0,0,0,0,0.0,0.0,0.0,0.0,0.0,0.0,0.0,0.0,0.0,0.0,0.0,0.0,0.0,0.0,0.0,0.0,0.0,0.0,0.0,0.0,0.0,0.0,0.0,0.0,0.0,0.0,0.0,0.0,0.0,0.0,0.0
computers and electronics 26,0,0,0,0,0,0.0,0.0,0.0,0.0,0.0,0.0,0.0,0.0,0.0,0.0,0.0,0.0,0.0,0.0,0.0,0.0,0.0,0.0,0.0,0.0,0.0,0.0,0.0,0.0,0.0,0.0,0.0,0.0,0.0,0.0,0.0
appliances and electrical equipment 27,0,0,0,0,0,0.0,0.0,0.0,0.0,0.0,0.0,0.0,0.0,0.0,0.0,0.0,0.0,0.0,0.0,0.0,0.0,0.0,0.0,0.0,0.0,0.0,0.0,0.0,0.0,0.0,0.0,0.0,0.0,0.0,0.0,0.0
other machinery 28,0,0,0,0,0,0.0,0.0,0.0,0.0,0.0,0.0,0.0,0.0,0.0,0.0,0.0,0.0,0.0,0.0,0.0,0.0,0.0,0.0,0.0,0.0,0.0,0.0,0.0,0.0,0.0,0.0,0.0,0.0,0.0,0.0,0.0
road vehicles 29,0,0,0,0,0,0.0,0.0,0.0,0.0,0.0,0.0,0.0,0.0,0.0,0.0,0.0,0.0,0.0,0.0,0.0,0.0,0.0,0.0,0.0,0.0,0.0,0.0,0.0,0.0,0.0,0.0,0.0,0.0,0.0,0.0,0.0
nonroad vehicles 30,0,0,0,0,0,0.0,0.0,0.0,0.0,0.0,0.0,0.0,0.0,0.0,0.0,0.0,0.0,0.0,0.0,0.0,0.0,0.0,0.0,0.0,0.0,0.0,0.0,0.0,0.0,0.0,0.0,0.0,0.0,0.0,0.0,0.0
other manufacturing 31T33,0,0,0,0,0,122722284239.6015,138220605957.94055,146990565597.52698,150745391954.0755,153583380012.48608,157880216466.7386,158433988674.5821,158944065232.4584,160197809232.4817,161262451806.69836,162688055255.03284,162648545162.10416,164090491693.7005,166849289650.29993,169650638712.31094,172843549046.4498,176330245186.35147,180509421542.02155,185279913327.36365,190759168366.33093,196180037724.1152,201593325133.6669,207482667130.9535,213719258812.4337,219949016815.42737,226795484851.3193,234164715395.59738,241544719404.78467,249636053356.08115,258177476278.95947,266732561657.22333
energy pipelines and gas processing 352T353,0,0,0,0,0,33959945408.81799,33660504504.306973,33755266453.341915,34002234499.45517,34262647803.10638,34305648623.223248,34211289704.634182,33914681074.09508,34200826571.373203,34071090382.621414,33830858819.076508,33696030656.39119,33694362437.49419,33909590249.072643,33627703765.19063,33352690067.42559,33271609114.258408,33439687912.686104,33658101654.706272,33893161969.452713,34127172179.46648,34245107902.453087,34431685318.27784,34731055931.06789,34911337314.14089,35099719669.28188,35383574237.854355,35648901466.25261,35871106614.856865,36062778302.43731,36440195594.21619
water and waste 36T39,0,0,0,0,0,227459535413.81253,229647712559.58347,231835889705.35477,234024066851.126,236212243996.89728,238400421142.66855,240516796259.07013,242633171375.47192,244749546491.8739,246865921608.27567,248982296724.67722,250977577997.63116,252972859270.5851,254968140543.53918,256963421816.49292,258958703089.44702,260817073376.12598,262675443662.80502,264533813949.48404,266392184236.16306,268250554522.8423,269936302364.56314,271622050206.28467,273307798048.0062,274993545889.72766,276679293731.4485,278200843835.94366,279722393940.4388,281243944044.93365,282765494149.42847,284287044253.9233
construction 41T43,0,0,0,0,0,72325228948.2832,69832581325.98883,69570034609.494,71269349385.36694,73259664159.25043,74914526558.74364,75288661876.1246,75640306510.65558,75970064851.97972,76278754040.36723,76567006512.97163,76835199200.9682,77083373491.53685,77311443873.97528,77519185968.20102,77706512211.25493,77873622356.13744,78020919671.32004,78148771852.82225,78257637580.05064,78347944748.55904,78419936892.82732,78473942373.95192,78510586788.23013,78530601423.18721,78534578012.88234,78522893146.44804,78495685351.22185,78453019957.38028,78394825820.01909,78321099176.66739
