International Market Fuel Price ($/BTU),2020,2021,2022,2023,2024,2025,2026,2027,2028,2029,2030,2031,2032,2033,2034,2035,2036,2037,2038,2039,2040,2041,2042,2043,2044,2045,2046,2047,2048,2049,2050,2051,2052,2053,2054,2055,2056,2057,2058,2059,2060,2061,2062,2063,2064,2065,2066,2067,2068,2069,2070
electricity (energy carrier),0.0,0.0,0.0,0.0,0.0,0.0,0.0,0.0,0.0,0.0,0.0,0.0,0.0,0.0,0.0,0.0,0.0,0.0,0.0,0.0,0.0,0.0,0.0,0.0,0.0,0.0,0.0,0.0,0.0,0.0,0.0,0.0,0.0,0.0,0.0,0.0,0.0,0.0,0.0,0.0,0.0,0.0,0.0,0.0,0.0,0.0,0.0,0.0,0.0,0.0,0.0
hard coal,1.8924e-06,1.8664e-06,1.8274e-06,1.8071e-06,1.7974e-06,1.7553e-06,1.7274e-06,1.7243e-06,1.7166e-06,1.7224e-06,1.7216e-06,1.7219e-06,1.7154e-06,1.7142e-06,1.7104e-06,1.7015e-06,1.6915e-06,1.6907e-06,1.6919e-06,1.6911e-06,1.6963e-06,1.6948e-06,1.6879e-06,1.6809e-06,1.6786e-06,1.6779e-06,1.6775e-06,1.6748e-06,1.6693e-06,1.6715e-06,1.6712e-06,1.6689e-06,1.6665e-06,1.6642e-06,1.6618e-06,1.6595e-06,1.6571e-06,1.6548e-06,1.6524e-06,1.6501e-06,1.6477e-06,1.6454e-06,1.643e-06,1.6407e-06,1.6383e-06,1.636e-06,1.6336e-06,1.6313e-06,1.6289e-06,1.6265e-06,1.6242e-06
natural gas,3.364e-06,5.5874e-06,1.00294e-05,8.7216e-06,6.5876e-06,6.1442e-06,5.8763e-06,5.6165e-06,5.361e-06,5.102e-06,4.8507e-06,4.9562e-06,5.0281e-06,5.1785e-06,5.1714e-06,5.0617e-06,5.0052e-06,5.0048e-06,5.0461e-06,5.0806e-06,5.1252e-06,5.2027e-06,5.2267e-06,5.1356e-06,5.091e-06,4.9583e-06,4.8971e-06,4.863e-06,4.8552e-06,4.872e-06,4.882e-06,4.8215e-06,4.7681e-06,4.7146e-06,4.6612e-06,4.6078e-06,4.5543e-06,4.5009e-06,4.4475e-06,4.3941e-06,4.3406e-06,4.2872e-06,4.2338e-06,4.1803e-06,4.1269e-06,4.0735e-06,4.0201e-06,3.9666e-06,3.9132e-06,3.8598e-06,3.8064e-06
nuclear,6.087e-07,6.072e-07,6.081e-07,6.099e-07,6.108e-07,6.126e-07,6.135e-07,6.152e-07,6.161e-07,6.179e-07,6.197e-07,6.206e-07,6.223e-07,6.241e-07,6.25e-07,6.268e-07,6.286e-07,6.295e-07,6.312e-07,6.33e-07,6.348e-07,6.366e-07,6.383e-07,6.401e-07,6.419e-07,6.437e-07,6.455e-07,6.472e-07,6.49e-07,6.508e-07,6.526e-07,6.544e-07,6.561e-07,6.579e-07,6.597e-07,6.615e-07,6.632e-07,6.65e-07,6.668e-07,6.686e-07,6.704e-07,6.721e-07,6.739e-07,6.757e-07,6.775e-07,6.793e-07,6.81e-07,6.828e-07,6.846e-07,6.864e-07,6.881e-07
hydro (is not a fuel),0.0,0.0,0.0,0.0,0.0,0.0,0.0,0.0,0.0,0.0,0.0,0.0,0.0,0.0,0.0,0.0,0.0,0.0,0.0,0.0,0.0,0.0,0.0,0.0,0.0,0.0,0.0,0.0,0.0,0.0,0.0,0.0,0.0,0.0,0.0,0.0,0.0,0.0,0.0,0.0,0.0,0.0,0.0,0.0,0.0,0.0,0.0,0.0,0.0,0.0,0.0
wind (is not a fuel),0.0,0.0,0.0,0.0,0.0,0.0,0.0,0.0,0.0,0.0,0.0,0.0,0.0,0.0,0.0,0.0,0.0,0.0,0.0,0.0,0.0,0.0,0.0,0.0,0.0,0.0,0.0,0.0,0.0,0.0,0.0,0.0,0.0,0.0,0.0,0.0,0.0,0.0,0.0,0.0,0.0,0.0,0.0,0.0,0.0,0.0,0.0,0.0,0.0,0.0,0.0
solar (is not a fuel),0.0,0.0,0.0,0.0,0.0,0.0,0.0,0.0,0.0,0.0,0.0,0.0,0.0,0.0,0.0,0.0,0.0,0.0,0.0,0.0,0.0,0.0,0.0,0.0,0.0,0.0,0.0,0.0,0.0,0.0,0.0,0.0,0.0,0.0,0.0,0.0,0.0,0.0,0.0,0.0,0.0,0.0,0.0,0.0,0.0,0.0,0.0,0.0,0.0,0.0,0.0
biomass,3.8318e-06,3.8318e-06,3.8318e-06,3.8318e-06,3.8318e-06,3.8318e-06,3.8318e-06,3.8318e-06,3.8318e-06,3.8318e-06,3.8318e-06,3.8318e-06,3.8318e-06,3.8318e-06,3.8318e-06,3.8318e-06,3.8318e-06,3.8318e-06,3.8318e-06,3.8318e-06,3.8318e-06,3.8318e-06,3.8318e-06,3.8318e-06,3.8318e-06,3.8318e-06,3.8318e-06,3.8318e-06,3.8318e-06,3.8318e-06,3.8318e-06,3.8318e-06,3.8318e-06,3.8318e-06,3.8318e-06,3.8318e-06,3.8318e-06,3.8318e-06,3.8318e-06,3.8318e-06,3.8318e-06,3.8318e-06,3.8318e-06,3.8318e-06,3.8318e-06,3.8318e-06,3.8318e-06,3.8318e-06,3.8318e-06,3.8318e-06,3.8318e-06
petroleum gasoline,1.60949e-05,2.22798e-05,2.76798e-05,2.57665e-05,2.4433e-05,2.30994e-05,2.17659e-05,2.04323e-05,1.90987e-05,1.92421e-05,1.97176e-05,2.03491e-05,2.05557e-05,2.0726e-05,2.08866e-05,2.09652e-05,2.11143e-05,2.12466e-05,2.14796e-05,2.1491e-05,2.16598e-05,2.1797e-05,2.18317e-05,2.20484e-05,2.22569e-05,2.23282e-05,2.2507e-05,2.25764e-05,2.25157e-05,2.2529e-05,2.25246e-05,2.26093e-05,2.26938e-05,2.27783e-05,2.28628e-05,2.29473e-05,2.30318e-05,2.31163e-05,2.32008e-05,2.32853e-05,2.33698e-05,2.34543e-05,2.35388e-05,2.36233e-05,2.37078e-05,2.37923e-05,2.38768e-05,2.39613e-05,2.40459e-05,2.41304e-05,2.42149e-05
petroleum diesel,1.55914e-05,1.96199e-05,2.87211e-05,2.45179e-05,2.33572e-05,2.21965e-05,2.10358e-05,1.98751e-05,1.87144e-05,1.88244e-05,1.87952e-05,1.92254e-05,1.93113e-05,1.94073e-05,1.94448e-05,1.9528e-05,1.96806e-05,1.98575e-05,1.99709e-05,2.00406e-05,2.02146e-05,2.03099e-05,2.03223e-05,2.05402e-05,2.07801e-05,2.08689e-05,2.10261e-05,2.1073e-05,2.10287e-05,2.10114e-05,2.09572e-05,2.09504e-05,2.09391e-05,2.09279e-05,2.09167e-05,2.09055e-05,2.08942e-05,2.0883e-05,2.08718e-05,2.08605e-05,2.08493e-05,2.08381e-05,2.08269e-05,2.08156e-05,2.08044e-05,2.07932e-05,2.0782e-05,2.07707e-05,2.07595e-05,2.07483e-05,2.07371e-05
biofuel gasoline,1.86831e-05,2.17718e-05,2.17662e-05,2.18913e-05,2.17014e-05,2.14425e-05,2.16826e-05,2.19618e-05,2.22324e-05,2.24287e-05,2.30134e-05,2.36376e-05,2.39436e-05,2.40848e-05,2.44897e-05,2.46354e-05,2.46706e-05,2.47844e-05,2.51033e-05,2.50943e-05,2.52918e-05,2.5473e-05,2.54895e-05,2.57379e-05,2.59884e-05,2.6076e-05,2.62994e-05,2.63896e-05,2.63241e-05,2.63496e-05,2.6347e-05,2.64232e-05,2.64959e-05,2.65687e-05,2.66414e-05,2.67141e-05,2.67868e-05,2.68595e-05,2.69323e-05,2.7005e-05,2.70777e-05,2.71504e-05,2.72232e-05,2.72959e-05,2.73686e-05,2.74413e-05,2.75141e-05,2.75868e-05,2.76595e-05,2.77322e-05,2.78049e-05
biofuel diesel,1.7893e-05,1.78385e-05,1.85928e-05,2.01326e-05,2.07904e-05,2.12675e-05,2.16824e-05,2.20559e-05,2.24244e-05,2.26438e-05,2.33772e-05,2.36236e-05,2.39113e-05,2.40419e-05,2.41408e-05,2.42677e-05,2.43197e-05,2.45772e-05,2.47643e-05,2.47626e-05,2.51384e-05,2.53621e-05,2.54966e-05,2.57359e-05,2.57917e-05,2.57493e-05,2.60458e-05,2.61531e-05,2.61657e-05,2.62856e-05,2.62594e-05,2.63999e-05,2.64945e-05,2.65891e-05,2.66837e-05,2.67783e-05,2.68729e-05,2.69675e-05,2.70621e-05,2.71567e-05,2.72513e-05,2.73459e-05,2.74404e-05,2.7535e-05,2.76296e-05,2.77242e-05,2.78188e-05,2.79134e-05,2.8008e-05,2.81026e-05,2.81972e-05
jet fuel,8.2402e-06,1.2256e-05,2.20661e-05,1.7657e-05,1.68848e-05,1.61126e-05,1.53403e-05,1.45681e-05,1.37959e-05,1.39392e-05,1.38908e-05,1.43021e-05,1.44581e-05,1.45523e-05,1.46955e-05,1.47906e-05,1.49575e-05,1.51752e-05,1.53271e-05,1.54152e-05,1.55739e-05,1.56944e-05,1.57291e-05,1.59762e-05,1.62399e-05,1.63321e-05,1.65096e-05,1.65871e-05,1.65633e-05,1.65985e-05,1.65492e-05,1.6633e-05,1.67042e-05,1.67754e-05,1.68466e-05,1.69178e-05,1.6989e-05,1.70602e-05,1.71314e-05,1.72026e-05,1.72738e-05,1.7345e-05,1.74162e-05,1.74874e-05,1.75586e-05,1.76298e-05,1.7701e-05,1.77722e-05,1.78435e-05,1.79147e-05,1.79859e-05
heat (energy carrier),0.0,0.0,0.0,0.0,0.0,0.0,0.0,0.0,0.0,0.0,0.0,0.0,0.0,0.0,0.0,0.0,0.0,0.0,0.0,0.0,0.0,0.0,0.0,0.0,0.0,0.0,0.0,0.0,0.0,0.0,0.0,0.0,0.0,0.0,0.0,0.0,0.0,0.0,0.0,0.0,0.0,0.0,0.0,0.0,0.0,0.0,0.0,0.0,0.0,0.0,0.0
geothermal (is not a fuel),0.0,0.0,0.0,0.0,0.0,0.0,0.0,0.0,0.0,0.0,0.0,0.0,0.0,0.0,0.0,0.0,0.0,0.0,0.0,0.0,0.0,0.0,0.0,0.0,0.0,0.0,0.0,0.0,0.0,0.0,0.0,0.0,0.0,0.0,0.0,0.0,0.0,0.0,0.0,0.0,0.0,0.0,0.0,0.0,0.0,0.0,0.0,0.0,0.0,0.0,0.0
lignite,1.6034e-06,1.6048e-06,1.583e-06,1.5696e-06,1.5689e-06,1.5303e-06,1.505e-06,1.5039e-06,1.4959e-06,1.5015e-06,1.4993e-06,1.4983e-06,1.4896e-06,1.4869e-06,1.4815e-06,1.4708e-06,1.459e-06,1.4565e-06,1.456e-06,1.4539e-06,1.4578e-06,1.4545e-06,1.4462e-06,1.4374e-06,1.4332e-06,1.4308e-06,1.4286e-06,1.4243e-06,1.4176e-06,1.4187e-06,1.4165e-06,1.4124e-06,1.4082e-06,1.4041e-06,1.3999e-06,1.3958e-06,1.3916e-06,1.3875e-06,1.3833e-06,1.3792e-06,1.375e-06,1.3708e-06,1.3667e-06,1.3625e-06,1.3584e-06,1.3542e-06,1.3501e-06,1.3459e-06,1.3418e-06,1.3376e-06,1.3335e-06
crude oil,5.8033e-06,1.01057e-05,1.45489e-05,1.38141e-05,1.31027e-05,1.23913e-05,1.168e-05,1.09686e-05,1.02573e-05,1.0408e-05,1.05681e-05,1.07892e-05,1.09626e-05,1.10799e-05,1.11396e-05,1.12455e-05,1.14254e-05,1.1557e-05,1.17098e-05,1.1748e-05,1.19716e-05,1.21083e-05,1.2166e-05,1.23772e-05,1.26313e-05,1.27008e-05,1.2885e-05,1.28775e-05,1.28953e-05,1.29407e-05,1.28999e-05,1.29978e-05,1.30954e-05,1.31931e-05,1.32907e-05,1.33883e-05,1.34859e-05,1.35835e-05,1.36812e-05,1.37788e-05,1.38764e-05,1.3974e-05,1.40716e-05,1.41693e-05,1.42669e-05,1.43645e-05,1.44621e-05,1.45597e-05,1.46574e-05,1.4755e-05,1.48526e-05
heavy fuel oil,1.49272e-05,1.83532e-05,2.67956e-05,2.33697e-05,2.1174e-05,1.89783e-05,1.67827e-05,1.4587e-05,1.23913e-05,1.24777e-05,1.25797e-05,1.27725e-05,1.28639e-05,1.29744e-05,1.29863e-05,1.30151e-05,1.30027e-05,1.30315e-05,1.31914e-05,1.31477e-05,1.34246e-05,1.35355e-05,1.36076e-05,1.38668e-05,1.40505e-05,1.41312e-05,1.42576e-05,1.43037e-05,1.42793e-05,1.43077e-05,1.42753e-05,1.45533e-05,1.46471e-05,1.4741e-05,1.48348e-05,1.49287e-05,1.50226e-05,1.51164e-05,1.52103e-05,1.53042e-05,1.5398e-05,1.54919e-05,1.55857e-05,1.56796e-05,1.57735e-05,1.58673e-05,1.59612e-05,1.60551e-05,1.61489e-05,1.62428e-05,1.63366e-05
LPG propane or butane,8.9907e-06,1.34254e-05,1.4286e-05,1.30324e-05,1.30186e-05,1.29257e-05,1.3041e-05,1.33705e-05,1.38416e-05,1.41763e-05,1.45268e-05,1.49065e-05,1.51734e-05,1.54375e-05,1.56026e-05,1.57179e-05,1.58617e-05,1.60401e-05,1.62066e-05,1.6298e-05,1.65527e-05,1.67174e-05,1.67503e-05,1.69121e-05,1.71086e-05,1.71539e-05,1.7255e-05,1.73264e-05,1.73664e-05,1.73549e-05,1.73366e-05,1.74774e-05,1.7532e-05,1.75867e-05,1.76413e-05,1.7696e-05,1.77506e-05,1.78053e-05,1.78599e-05,1.79146e-05,1.79693e-05,1.80239e-05,1.80786e-05,1.81332e-05,1.81879e-05,1.82425e-05,1.82972e-05,1.83518e-05,1.84065e-05,1.84611e-05,1.85158e-05
municipal solid waste,0.0,0.0,0.0,0.0,0.0,0.0,0.0,0.0,0.0,0.0,0.0,0.0,0.0,0.0,0.0,0.0,0.0,0.0,0.0,0.0,0.0,0.0,0.0,0.0,0.0,0.0,0.0,0.0,0.0,0.0,0.0,0.0,0.0,0.0,0.0,0.0,0.0,0.0,0.0,0.0,0.0,0.0,0.0,0.0,0.0,0.0,0.0,0.0,0.0,0.0,0.0
hydrogen,7.76008e-05,7.12528e-05,6.49049e-05,5.8557e-05,5.2209e-05,4.58611e-05,3.95132e-05,3.31652e-05,2.68173e-05,2.04694e-05,1.41214e-05,1.37774e-05,1.34333e-05,1.30892e-05,1.27451e-05,1.24011e-05,1.2057e-05,1.17129e-05,1.13688e-05,1.10248e-05,1.06807e-05,1.03366e-05,9.9925e-06,9.6485e-06,9.3044e-06,8.9603e-06,8.6162e-06,8.2722e-06,7.9281e-06,7.584e-06,7.2399e-06,6.8959e-06,6.5518e-06,6.2077e-06,5.8636e-06,5.5195e-06,5.1755e-06,4.8314e-06,4.4873e-06,4.1432e-06,3.7992e-06,3.4551e-06,3.111e-06,2.7669e-06,2.4229e-06,2.0788e-06,1.7347e-06,1.3906e-06,1.0466e-06,7.025e-07,3.584e-07
